{"raw": [0.5769473684210527], "smoothed": [0.5769473684210527]}
{"raw": [0.2611578947368421], "smoothed": [0.2611578947368421]}
{"raw": [0.3664210526315789], "smoothed": [0.3664210526315789]}
{"raw": [0.6822105263157895], "smoothed": [0.6822105263157895]}
{"raw": [0.5769473684210527], "smoothed": [0.5769473684210527]}
{"raw": [0.6822105263157895], "smoothed": [0.6822105263157895]}
{"raw": [0.3664210526315789], "smoothed": [0.3664210526315789]}
{"raw": [0.3664210526315789], "smoothed": [0.3664210526315789]}
{"raw": [0.629578947368421], "smoothed": [0.629578947368421]}
{"raw": [0.3137894736842105], "smoothed": [0.3137894736842105]}
{"raw": [0.7348421052631579], "smoothed": [0.7348421052631579]}
{"raw": [0.5243157894736842], "smoothed": [0.5243157894736842]}
{"raw": [0.5243157894736842], "smoothed": [0.5243157894736842]}
{"raw": [0.47168421052631576], "smoothed": [0.47168421052631576]}
{"raw": [0.47168421052631576], "smoothed": [0.47168421052631576]}
{"raw": [0.5769473684210527], "smoothed": [0.5769473684210527]}
{"raw": [0.5243157894736842], "smoothed": [0.5243157894736842]}
{"raw": [0.47168421052631576], "smoothed": [0.47168421052631576]}
{"raw": [0.20852631578947367], "smoothed": [0.20852631578947367]}
{"raw": [0.3664210526315789], "smoothed": [0.3664210526315789]}
{"raw": [0.7874736842105263], "smoothed": [0.7874736842105263]}
{"raw": [0.5769473684210527], "smoothed": [0.5769473684210527]}
{"raw": [0.3664210526315789], "smoothed": [0.3664210526315789]}
{"raw": [0.7874736842105263], "smoothed": [0.7874736842105263]}
{"raw": [0.5769473684210527], "smoothed": [0.5769473684210527]}
{"raw": [0.5769473684210527], "smoothed": [0.5769473684210527]}
{"raw": [0.6822105263157895], "smoothed": [0.6822105263157895]}
{"raw": [0.6822105263157895], "smoothed": [0.6822105263157895]}
{"raw": [0.6822105263157895], "smoothed": [0.6822105263157895]}
{"raw": [0.3664210526315789], "smoothed": [0.3664210526315789]}
{"raw": [0.47168421052631576], "smoothed": [0.47168421052631576]}
{"raw": [0.20852631578947367], "smoothed": [0.20852631578947367]}
{"raw": [0.7348421052631579], "smoothed": [0.7348421052631579]}
{"raw": [0.15589473684210525], "smoothed": [0.15589473684210525]}
